[
    {
        "id":  "card-0",
        "color":  "green",
        "power":  4,
        "value":  2,
        "ability":  "Double this card\u0027s power when battling red cards",
        "name":  "Sun Priest"
    },
    {
        "id":  "card-1",
        "color":  "green",
        "power":  1,
        "value":  5,
        "ability":  "Double this card\u0027s power when battling blue cards",
        "name":  "Mountain Giant"
    },
    {
        "id":  "card-2",
        "color":  "green",
        "power":  1,
        "value":  1,
        "ability":  "Move 1 target card from your graveyard to your hand",
        "name":  "Chaos Spawn"
    },
    {
        "id":  "card-3",
        "color":  "green",
        "power":  2,
        "value":  5,
        "ability":  "Double this card\u0027s power when battling red cards",
        "name":  "Fire Drake"
    },
    {
        "id":  "card-4",
        "color":  "green",
        "power":  1,
        "value":  2,
        "ability":  "Steal 1 random card from opponent\u0027s hand",
        "name":  "Soul Reaper"
    },
    {
        "id":  "card-5",
        "color":  "green",
        "power":  3,
        "value":  1,
        "ability":  "Double this card\u0027s power when battling red cards",
        "name":  "Sky Rider"
    },
    {
        "id":  "card-6",
        "color":  "green",
        "power":  2,
        "value":  5,
        "ability":  "Increase this card\u0027s power by 1 when defending",
        "name":  "Storm Knight"
    },
    {
        "id":  "card-7",
        "color":  "green",
        "power":  2,
        "value":  4,
        "ability":  "Steal 1 random card from opponent\u0027s hand",
        "name":  "Bone Necromancer"
    },
    {
        "id":  "card-8",
        "color":  "green",
        "power":  4,
        "value":  3,
        "ability":  "Immune to abilities from black cards",
        "name":  "Dark Assassin"
    },
    {
        "id":  "card-9",
        "color":  "green",
        "power":  3,
        "value":  4,
        "ability":  "Target opponent discards 1 card from hand",
        "name":  "Star Caller"
    },
    {
        "id":  "card-10",
        "color":  "green",
        "power":  5,
        "value":  2,
        "ability":  "Double this card\u0027s power when battling blue cards",
        "name":  "Mountain Giant"
    },
    {
        "id":  "card-11",
        "color":  "green",
        "power":  4,
        "value":  4,
        "ability":  "Draw 1 card from deck",
        "name":  "Luck Bringer"
    },
    {
        "id":  "card-12",
        "color":  "green",
        "power":  1,
        "value":  2,
        "ability":  "Increase this card\u0027s power by 1 when attacking",
        "name":  "Time Mage"
    },
    {
        "id":  "card-13",
        "color":  "green",
        "power":  4,
        "value":  1,
        "ability":  "Increase this card\u0027s value by 1 when played",
        "name":  "Nature Wrath"
    },
    {
        "id":  "card-14",
        "color":  "green",
        "power":  2,
        "value":  2,
        "ability":  "Destroy 1 target opponent\u0027s unit",
        "name":  "Nature Wrath"
    },
    {
        "id":  "card-15",
        "color":  "green",
        "power":  1,
        "value":  5,
        "ability":  "Increase target card\u0027s power by 1 this turn",
        "name":  "Order Paladin"
    },
    {
        "id":  "card-16",
        "color":  "blue",
        "power":  2,
        "value":  1,
        "ability":  "Destroy 1 target opponent\u0027s unit",
        "name":  "Star Caller"
    },
    {
        "id":  "card-17",
        "color":  "blue",
        "power":  2,
        "value":  4,
        "ability":  "Double this card\u0027s power when battling blue cards",
        "name":  "Shadow Warrior"
    },
    {
        "id":  "card-18",
        "color":  "blue",
        "power":  3,
        "value":  5,
        "ability":  "Double this card\u0027s power when battling red cards",
        "name":  "Void Walker"
    },
    {
        "id":  "card-19",
        "color":  "blue",
        "power":  1,
        "value":  5,
        "ability":  "Copy target enemy card\u0027s ability this turn",
        "name":  "Peace Keeper"
    },
    {
        "id":  "card-22",
        "color":  "blue",
        "power":  5,
        "value":  1,
        "ability":  "Destroy 1 target opponent\u0027s unit",
        "name":  "Despair Harbinger"
    },
    {
        "id":  "card-23",
        "color":  "blue",
        "power":  2,
        "value":  4,
        "ability":  "Increase this card\u0027s value by 1 when played",
        "name":  "Life Cleric"
    },
    {
        "id":  "card-24",
        "color":  "blue",
        "power":  2,
        "value":  4,
        "ability":  "Copy target enemy card\u0027s ability this turn",
        "name":  "Soul Reaper"
    },
    {
        "id":  "card-25",
        "color":  "blue",
        "power":  3,
        "value":  5,
        "ability":  "Double this card\u0027s power when battling blue cards",
        "name":  "Star Caller"
    },
    {
        "id":  "card-26",
        "color":  "blue",
        "power":  1,
        "value":  2,
        "ability":  "Immune to abilities from black cards",
        "name":  "Star Caller"
    },
    {
        "id":  "card-27",
        "color":  "blue",
        "power":  5,
        "value":  3,
        "ability":  "Immune to abilities from black cards",
        "name":  "Fate Weaver"
    },
    {
        "id":  "card-28",
        "color":  "blue",
        "power":  5,
        "value":  1,
        "ability":  "Copy target enemy card\u0027s ability this turn",
        "name":  "Storm Knight"
    },
    {
        "id":  "card-29",
        "color":  "blue",
        "power":  2,
        "value":  1,
        "ability":  "Move 1 target card from your graveyard to your hand",
        "name":  "Nightmare"
    },
    {
        "id":  "card-31",
        "color":  "blue",
        "power":  2,
        "value":  5,
        "ability":  "Increase target card\u0027s power by 1 this turn",
        "name":  "Star Caller"
    },
    {
        "id":  "card-33",
        "color":  "red",
        "power":  5,
        "value":  4,
        "ability":  "Increase target card\u0027s power by 1 this turn",
        "name":  "War Chief"
    },
    {
        "id":  "card-34",
        "color":  "red",
        "power":  5,
        "value":  4,
        "ability":  "Destroy 1 target opponent\u0027s unit",
        "name":  "Space Ranger"
    },
    {
        "id":  "card-35",
        "color":  "red",
        "power":  5,
        "value":  4,
        "ability":  "Increase target card\u0027s power by 1 this turn",
        "name":  "Divine Angel"
    },
    {
        "id":  "card-38",
        "color":  "red",
        "power":  3,
        "value":  5,
        "ability":  "Increase this card\u0027s value by 1 when played",
        "name":  "Arcane Scholar"
    },
    {
        "id":  "card-39",
        "color":  "red",
        "power":  2,
        "value":  2,
        "ability":  "Double this card\u0027s power when battling blue cards",
        "name":  "Wind Runner"
    },
    {
        "id":  "card-40",
        "color":  "red",
        "power":  3,
        "value":  4,
        "ability":  "Steal 1 random card from opponent\u0027s hand",
        "name":  "Sun Priest"
    },
    {
        "id":  "card-41",
        "color":  "red",
        "power":  3,
        "value":  5,
        "ability":  "Increase this card\u0027s power by 1 when attacking",
        "name":  "Earth Shaman"
    },
    {
        "id":  "card-42",
        "color":  "red",
        "power":  4,
        "value":  2,
        "ability":  "Double this card\u0027s power when battling blue cards",
        "name":  "Mist Phantom"
    },
    {
        "id":  "card-43",
        "color":  "red",
        "power":  3,
        "value":  2,
        "ability":  "Destroy 1 target opponent\u0027s unit",
        "name":  "Luck Bringer"
    },
    {
        "id":  "card-44",
        "color":  "red",
        "power":  1,
        "value":  2,
        "ability":  "Increase this card\u0027s power by 1 when attacking",
        "name":  "Thunder Lord"
    },
    {
        "id":  "card-45",
        "color":  "red",
        "power":  4,
        "value":  5,
        "ability":  "Target opponent discards 1 card from hand",
        "name":  "Peace Keeper"
    },
    {
        "id":  "card-46",
        "color":  "red",
        "power":  4,
        "value":  5,
        "ability":  "Increase target card\u0027s power by 1 this turn",
        "name":  "Moon Dancer"
    },
    {
        "id":  "card-47",
        "color":  "red",
        "power":  4,
        "value":  1,
        "ability":  "Steal 1 random card from opponent\u0027s hand",
        "name":  "Thunder Lord"
    },
    {
        "id":  "card-48",
        "color":  "black",
        "power":  2,
        "value":  2,
        "ability":  "Target opponent discards 1 card from hand",
        "name":  "Luck Bringer"
    },
    {
        "id":  "card-49",
        "color":  "black",
        "power":  1,
        "value":  2,
        "ability":  "Target opponent discards 1 card from hand",
        "name":  "Sky Rider"
    },
    {
        "id":  "card-50",
        "color":  "black",
        "power":  3,
        "value":  4,
        "ability":  "Target opponent discards 1 card from hand",
        "name":  "Sun Priest"
    },
    {
        "id":  "card-51",
        "color":  "black",
        "power":  5,
        "value":  2,
        "ability":  "Double this card\u0027s power when battling blue cards",
        "name":  "Mystic Guardian"
    },
    {
        "id":  "card-52",
        "color":  "black",
        "power":  1,
        "value":  3,
        "ability":  "Immune to abilities from black cards",
        "name":  "Mystic Guardian"
    },
    {
        "id":  "card-53",
        "color":  "black",
        "power":  2,
        "value":  1,
        "ability":  "Increase this card\u0027s value by 1 when played",
        "name":  "Hope Beacon"
    },
    {
        "id":  "card-54",
        "color":  "black",
        "power":  4,
        "value":  3,
        "ability":  "Increase this card\u0027s power by 1 when defending",
        "name":  "Time Mage"
    },
    {
        "id":  "card-55",
        "color":  "black",
        "power":  5,
        "value":  1,
        "ability":  "Increase target card\u0027s power by 1 this turn",
        "name":  "Time Mage"
    },
    {
        "id":  "card-56",
        "color":  "black",
        "power":  2,
        "value":  2,
        "ability":  "Increase target card\u0027s power by 1 this turn",
        "name":  "Ice Elemental"
    },
    {
        "id":  "card-59",
        "color":  "black",
        "power":  3,
        "value":  1,
        "ability":  "Destroy 1 target opponent\u0027s unit",
        "name":  "Order Paladin"
    },
    {
        "id":  "card-60",
        "color":  "black",
        "power":  5,
        "value":  2,
        "ability":  "Steal 1 random card from opponent\u0027s hand",
        "name":  "Life Cleric"
    },
    {
        "id":  "card-61",
        "color":  "black",
        "power":  4,
        "value":  1,
        "ability":  "Immune to abilities from black cards",
        "name":  "Shadow Warrior"
    },
    {
        "id":  "card-63",
        "color":  "black",
        "power":  3,
        "value":  2,
        "ability":  "Double this card\u0027s power when battling red cards",
        "name":  "Holy Crusader"
    },
    {
        "id":  "card-65",
        "color":  "white",
        "power":  3,
        "value":  4,
        "ability":  "Increase target card\u0027s power by 1 this turn",
        "name":  "Arcane Scholar"
    },
    {
        "id":  "card-66",
        "color":  "white",
        "power":  4,
        "value":  4,
        "ability":  "Move 1 target card from your graveyard to your hand",
        "name":  "Shadow Warrior"
    },
    {
        "id":  "card-68",
        "color":  "white",
        "power":  5,
        "value":  1,
        "ability":  "Destroy 1 target opponent\u0027s unit",
        "name":  "Frost Witch"
    },
    {
        "id":  "card-69",
        "color":  "white",
        "power":  1,
        "value":  5,
        "ability":  "Immune to abilities from black cards",
        "name":  "Dream Walker"
    },
    {
        "id":  "card-70",
        "color":  "white",
        "power":  2,
        "value":  2,
        "ability":  "Draw 1 card from deck",
        "name":  "Mystic Guardian"
    },
    {
        "id":  "card-71",
        "color":  "white",
        "power":  3,
        "value":  1,
        "ability":  "Increase this card\u0027s power by 1 when defending",
        "name":  "Soul Reaper"
    },
    {
        "id":  "card-72",
        "color":  "white",
        "power":  1,
        "value":  4,
        "ability":  "Steal 1 random card from opponent\u0027s hand",
        "name":  "Rogue Assassin"
    },
    {
        "id":  "card-73",
        "color":  "white",
        "power":  5,
        "value":  4,
        "ability":  "Double this card\u0027s power when battling red cards",
        "name":  "Death Knight"
    },
    {
        "id":  "card-74",
        "color":  "white",
        "power":  2,
        "value":  3,
        "ability":  "Copy target enemy card\u0027s ability this turn",
        "name":  "Mountain Giant"
    },
    {
        "id":  "card-75",
        "color":  "white",
        "power":  4,
        "value":  4,
        "ability":  "Increase this card\u0027s power by 1 when attacking",
        "name":  "Mystic Guardian"
    },
    {
        "id":  "card-77",
        "color":  "white",
        "power":  5,
        "value":  4,
        "ability":  "Destroy 1 target opponent\u0027s unit",
        "name":  "Storm Knight"
    }
]
